{
    "datas": [
        {
            "colorSetName": "Ming",
            "color1": {
                "r": 1.0,
                "g": 0.0,
                "b": 0.0,
                "a": 1.0
            },
            "color2": {
                "r": 0.0,
                "g": 1.0,
                "b": 0.13468170166015626,
                "a": 1.0
            },
            "color3": {
                "r": 1.0,
                "g": 0.8900727033615112,
                "b": 0.0,
                "a": 1.0
            },
            "lightColor": {
                "r": 0.3729438781738281,
                "g": 0.0,
                "b": 1.0,
                "a": 1.0
            }
        },
        {
            "colorSetName": "new Color",
            "color1": {
                "r": 0.772549033164978,
                "g": 0.7647058963775635,
                "b": 0.7764706015586853,
                "a": 1.0
            },
            "color2": {
                "r": 0.27450981736183169,
                "g": 0.2862745225429535,
                "b": 0.2980392277240753,
                "a": 1.0
            },
            "color3": {
                "r": 0.2980392277240753,
                "g": 0.3607843220233917,
                "b": 0.40784314274787905,
                "a": 1.0
            },
            "lightColor": {
                "r": 0.75,
                "g": 0.75,
                "b": 0.75,
                "a": 1.0
            }
        }
    ],
    "currnetData": {
        "colorSetName": "Ming",
        "color1": {
            "r": 1.0,
            "g": 0.0,
            "b": 0.0,
            "a": 1.0
        },
        "color2": {
            "r": 0.0,
            "g": 1.0,
            "b": 0.13468170166015626,
            "a": 1.0
        },
        "color3": {
            "r": 1.0,
            "g": 0.8900727033615112,
            "b": 0.0,
            "a": 1.0
        },
        "lightColor": {
            "r": 0.3729438781738281,
            "g": 0.0,
            "b": 1.0,
            "a": 1.0
        }
    }
}